id,name,photo
1,Tokyo,https://upload.wikimedia.org/wikipedia/commons/thumb/b/b2/Skyscrapers_of_Shinjuku_2009_January.jpg/500px-Skyscrapers_of_Shinjuku_2009_January.jpg
2,Jakarta,https://upload.wikimedia.org/wikipedia/commons/thumb/f/f6/Jakarta_Pictures-1.jpg/327px-Jakarta_Pictures-1.jpg
3,Delhi,https://upload.wikimedia.org/wikipedia/commons/thumb/5/55/IN-DL.svg/439px-IN-DL.svg.png
4,Mumbai,https://upload.wikimedia.org/wikipedia/commons/thumb/1/14/Mumbai_Skyline_at_Night.jpg/500px-Mumbai_Skyline_at_Night.jpg
5,Manila,https://upload.wikimedia.org/wikipedia/commons/thumb/0/06/Manila_Cathedral_Facade_at_Sunset.jpg/500px-Manila_Cathedral_Facade_at_Sunset.jpg
6,Shanghai,https://upload.wikimedia.org/wikipedia/commons/thumb/d/df/Pudong_Shanghai_November_2017_panorama.jpg/500px-Pudong_Shanghai_November_2017_panorama.jpg
7,SÃ£o Paulo,https://upload.wikimedia.org/wikipedia/commons/thumb/f/f4/S%C3%A3o_Paulo_GTXDrone_Capture_134.255.jpg/500px-S%C3%A3o_Paulo_GTXDrone_Capture_134.255.jpg
8,Seoul,https://upload.wikimedia.org/wikipedia/commons/thumb/2/2e/%EB%8D%95%EC%88%98%EA%B6%81_2011%EB%85%84_11%EC%9B%94_%EB%8C%80%ED%95%9C%EB%AF%BC%EA%B5%AD_%EC%84%9C%EC%9A%B8%ED%8A%B9%EB%B3%84%EC%8B%9C_%EB%AA%85%EC%86%8C_%28Seoul_best_attractions%29_%EC%82%AC%EB%B3%B8_-1S6O1452.jpg/500px-%EB%8D%95%EC%88%98%EA%B6%81_2011%EB%85%84_11%EC%9B%94_%EB%8C%80%ED%95%9C%EB%AF%BC%EA%B5%AD_%EC%84%9C%EC%9A%B8%ED%8A%B9%EB%B3%84%EC%8B%9C_%EB%AA%85%EC%86%8C_%28Seoul_best_attractions%29_%EC%82%AC%EB%B3%B8_-1S6O1452.jpg
9,Mexico City,https://upload.wikimedia.org/wikipedia/commons/thumb/1/15/Montaje.Ciudad_de_M%C3%A9xico.jpg/250px-Montaje.Ciudad_de_M%C3%A9xico.jpg
10,Guangzhou,https://upload.wikimedia.org/wikipedia/commons/thumb/9/93/Guangzhou_Twin_Towers.jpg/500px-Guangzhou_Twin_Towers.jpg
11,Beijing,https://upload.wikimedia.org/wikipedia/commons/thumb/9/91/Tiananmen_Gate.jpg/500px-Tiananmen_Gate.jpg
12,Cairo,https://upload.wikimedia.org/wikipedia/commons/thumb/d/d9/Cairo-Nile-2020%281%29.jpg/500px-Cairo-Nile-2020%281%29.jpg
13,Moscow,https://upload.wikimedia.org/wikipedia/commons/thumb/0/01/Business_Centre_of_Moscow_2.jpg/500px-Business_Centre_of_Moscow_2.jpg
